{"cameraMode":{"drawMode":0,"name":"Shaded","section":"Shading Mode"},"sceneLighting":false,"audioPlay":false,"sceneViewState":{"showFog":true,"showMaterialUpdate":false,"showSkybox":true,"showFlares":true,"showImageEffects":true,"showParticleSystems":true},"in2DMode":false,"pivot":{"x":-1.2186546325683594,"y":0.871706485748291,"z":0.5792044401168823},"rotation":{"x":-0.15621504187583924,"y":0.7358558177947998,"z":-0.1814883053302765,"w":-0.633384108543396},"size":3.578049659729004,"orthographic":false}