{"cameraMode":{"drawMode":0,"name":"Shaded","section":"Shading Mode"},"sceneLighting":false,"audioPlay":false,"sceneViewState":{"showFog":true,"showMaterialUpdate":false,"showSkybox":false,"showFlares":true,"showImageEffects":true,"showParticleSystems":true},"in2DMode":false,"pivot":{"x":1.986059308052063,"y":-0.04933144152164459,"z":-4.152678489685059},"rotation":{"x":0.00003446445407462306,"y":0.9938123822212219,"z":-0.0003078028676100075,"w":0.11107096821069718},"size":5.4127302169799809,"orthographic":false}