{"cameraMode":{"drawMode":0,"name":"Shaded","section":"Shading Mode"},"sceneLighting":false,"audioPlay":false,"sceneViewState":{"showFog":true,"showMaterialUpdate":false,"showSkybox":false,"showFlares":true,"showImageEffects":true,"showParticleSystems":true},"in2DMode":false,"pivot":{"x":1.602384090423584,"y":0.9606480598449707,"z":-4.716279029846191},"rotation":{"x":-0.008709476329386235,"y":0.8702557682991028,"z":0.015396717935800553,"w":0.4922848343849182},"size":5.4127302169799809,"orthographic":false}